,lm_loss,CE_x_pLM,struct_loss,dist_cce,dist_cce_norm_avg,dist_cce_pos,omega_cce,omega_cce_norm_avg,omega_cce_pos,theta_cce,theta_cce_norm_avg,theta_cce_pos,phi_cce,phi_cce_norm_avg,phi_cce_pos,ngram_loss,thst_loss,seq
0,0.032225635,3.2064507,9.553961,1.8003799,2.4528801,3.1846538,1.9221374,2.3265402,2.7800746,1.8429451,2.0884054,2.3636873,1.4541248,1.5768645,1.7145159,5.6304655,-0.8731211662292481,SFNGVWIIKHRSRMYSGFGRTPDLTRVQPSMEFYNNFGSAHNSYFYIQVFRQHTFNTWLYLSQNQWDHNGPFKQTVSSFLSIHDIPTWYWEPPAVPIGFVLIHPATGSLTTQNVQQLLLSLRRAFYGTPGTFGDLVLKTEFPHGSDDSSLTDKWGVTGFPPDKMIPNKADPAETGFMYLRNQWWMWMAEILHGDDGHRE
0,0.028819194,2.8675098,9.553961,1.8003799,2.4528801,3.1846538,1.9221374,2.3265402,2.7800746,1.8429451,2.0884054,2.3636873,1.4541248,1.5768645,1.7145159,5.6304655,-0.8731211662292481,SFNGVWIIKHRSRMYSGFGRTPDLTRVQPSMEFYNNFGSAHNSYFYIQVFRQHTFNTWLYLSQNQWDHNGPFKQTVSSFLSIHDIPTWYWEPPAVPIGFVLIHPATGSLTTQNVQQLLLSLRRAFYGTPGTFGDLVLKTEFPHGSDDSSLTDKWGVTGFPPDKMIPNKADPAETGFMYLRNQWWMWMAEILHGDDGHRE
0,0.027620645,2.7482543,9.590466,1.8108097,2.4641292,3.196822,1.9298372,2.3329275,2.7849898,1.8499233,2.0954792,2.370868,1.4611938,1.5839473,1.7216145,5.6522193,-0.8698725700378418,SFNGVWIIKHRSRMYSGFGRTPDLTRVQPSMEFYNNFGSAHNSYFYIQVFRQHTFNTWLYLSQNQWDHNGPFKQTVSSFLSIHDIPTWYWEPPAVPIGFVLIHPATGSLTTQNVQQLLLSLRRAFYGTPGTFGDLVLKTEFPHGSDDSSLTDKWGLTGFPPDKMIPNKADPAETGFMYLRNQWWMWMAEILHGDDGHRE
0,0.03087669,3.0722308,9.562967,1.790165,2.448895,3.1876557,1.9132446,2.3205466,2.7773323,1.8380878,2.089769,2.3720267,1.4497592,1.5770385,1.7197812,5.6639547,-0.8771655082702637,SFNGVWIIKHRSRMYSGFGRTPDLTRVQPSMEFYNNFNSAHNSYFYIQVFRQHTFNTWLYLSQNQWDHNGPFKQTVSSFLSIHDIPTWYWEPPAVPIGFVLIHPATGSLTTQNVQQLLLSLRRAFYGTPGTFGDLVLKTEFPHGSDDSSLTDKWGLTGFPPDKMIPNKADPAETGFMYLRNQWWMWMAEILHGDDGHRE
0,0.027881704,2.7742295,9.586508,1.795468,2.4553974,3.1955028,1.9167954,2.321207,2.7747514,1.8405809,2.090222,2.3701925,1.4521189,1.578368,1.7199553,5.713314,-0.8769251823425294,SFNGVWIIKHRSRMYSGFGRTPDLTRVQPSMEFYNNFNSAHNSYFYIQVFRQHTFNTWLYLSQNQWDHNGPFKQTVSSFLSMHDIPTWYWEPPAVPIGFVLIHPATGSLTTQNVQQLLLSLRRAFYGTPGTFGDLVLKTEFPHGSDDSSLTDKWGLTGFPPDKMIPNKADPAETGFMYLRNQWWMWMAEILHGDDGHRE
0,0.026750375,2.6616623,9.601705,1.7976878,2.4589586,3.2005682,1.917988,2.323679,2.7786582,1.8417974,2.092866,2.3744373,1.4534024,1.5806042,1.7232599,5.702091,-0.8705709457397461,SFNGVWIIKHRSRMYSGFGRTPDLTRVQPSMEFYNNFNSAHNSYFYIQVFRQHTFNTWLYLSQNQWDHNGPFKQTVSSFLSMHDIPTWYWEPPAVPIGFVLIHPATGSLTTQNVQSLLLSLRRAFYGTPGTFGDLVLKTEFPHGSDDSSLTDKWGLTGFPPDKMIPNKADPAETGFMYLRNQWWMWMAEILHGDDGHRE
0,0.04097848,4.0773587,9.51719,1.770417,2.431263,3.1723967,1.8973494,2.3017685,2.7553213,1.8263124,2.0759358,2.3558862,1.4383044,1.5664351,1.7101325,5.70325,-0.8805315971374512,SFNGVWIIKHRSRMYSGFGRTPDLTRVQPSMEFYNNNNSAHNSYFYIQVFRQHTFNTWLYLSQNQWDHNGPFKQTVSSFLSMHDIPTWYWEPPAVPIGFVLIHPATGSLTTQNVQSLLLSLRRAFYGTPGTFGDLVLKTEFPHGSDDSSLTDKWGLTGFPPDKMIPNKADPAETGFMYLRNQWWMWMAEILHGDDGHRE
0,0.02994963,2.979988,9.550562,1.7835467,2.4434474,3.1835206,1.9089711,2.3148963,2.7701383,1.8347459,2.084057,2.3636575,1.4458297,1.5722725,1.7140774,5.725148,-0.8841999053955079,SFNGVWIIKHRSRMYSGFGRTPDLTRVQPSMEFYNNNNSAHNSYFYIQVFRQHTFNTWLYLSQNQWDHNGPFKQTVSSFLSMHDIPTWYMEPPAVPIGFVLIHPATGSLTTQNVQSLLLSLRRAFYGTPGTFGDLVLKTEFPHGSDDSSLTDKWGLTGFPPDKMIPNKADPAETGFMYLRNQWWMWMAEILHGDDGHRE
0,0.03141818,3.126109,9.5006485,1.7666591,2.4266777,3.166883,1.8946413,2.3123603,2.7808285,1.8235284,2.0812993,2.370387,1.4345546,1.565216,1.7117517,5.694882,-0.8132573127746583,SFNGVWIIKHVSRMYSGFGRTPDLTRVQPSMEFYNNNNSAHNSYFYIQVFRQHTFNTWLYLSQNQWDHNGPFKQTVSSFLSMHDIPTWYMEPPAVPIGFVLIHPATGSLTTQNVQSLLLSLRRAFYGTPGTFGDLVLKTEFPHGSDDSSLTDKWGLTGFPPDKMIPNKADPAETGFMYLRNQWWMWMAEILHGDDGHRE
0,0.025367785,2.5240946,9.513071,1.7689073,2.4298177,3.1710236,1.8963797,2.314701,2.7838452,1.8253224,2.0841038,2.374325,1.4365363,1.5678823,1.7151859,5.6764555,-0.8504603385925293,SFNGVWIIKHVSRMYSGFGRTPDLTRVQPSMEFYNNNNSAHNSYFYIQVFRQHTFNTWLYLSQNQWSHNGPFKQTVSSFLSMHDIPTWYMEPPAVPIGFVLIHPATGSLTTQNVQSLLLSLRRAFYGTPGTFGDLVLKTEFPHGSDDSSLTDKWGLTGFPPDKMIPNKADPAETGFMYLRNQWWMWMAEILHGDDGHRE
0,0.029882448,2.9733036,9.543751,1.7827852,2.4419746,3.18125,1.9062223,2.3180747,2.7799635,1.8326364,2.0846772,2.367339,1.4428972,1.5698617,1.7122514,5.6691637,-0.8652189254760743,SFNGVWIIKHVSRMYSGFGRTPDLTRVQPSMEFYNNNNSAHNGYFYIQVFRQHTFNTWLYLSQNQWSHNGPFKQTVSSFLSMHDIPTWYMEPPAVPIGFVLIHPATGSLTTQNVQSLLLSLRRAFYGTPGTFGDLVLKTEFPHGSDDSSLTDKWGLTGFPPDKMIPNKADPAETGFMYLRNQWWMWMAEILHGDDGHRE
0,0.038251378,3.8060122,9.543751,1.7827852,2.4419746,3.18125,1.9062223,2.3180747,2.7799635,1.8326364,2.0846772,2.367339,1.4428972,1.5698617,1.7122514,5.6691637,-0.8652189254760743,SFNGVWIIKHVSRMYSGFGRTPDLTRVQPSMEFYNNNNSAHNGYFYIQVFRQHTFNTWLYLSQNQWSHNGPFKQTVSSFLSMHDIPTWYMEPPAVPIGFVLIHPATGSLTTQNVQSLLLSLRRAFYGTPGTFGDLVLKTEFPHGSDDSSLTDKWGLTGFPPDKMIPNKADPAETGFMYLRNQWWMWMAEILHGDDGHRE
0,0.02445807,2.433578,9.407907,1.7479258,2.4022026,3.135969,1.8801469,2.2993715,2.7695286,1.8114216,2.070602,2.361271,1.4228743,1.5548654,1.7028922,5.6059566,-0.8789793014526368,SFNGVWIIKHVSRMYSGFGRTPDLTRVQPSEEFYNNNNSAHNGYFYIQVFRQHTFNTWLYLSQNQWSHNGPFKQTVSSFLSMHDIPTWYMEPPAVPIGFVLIHPATGSLTTQNVQSLLLSLRRAFYGTPGTFGDLVLKTEFPHGSDDSSLTDKWGLTGFPPDKMIPNKADPAETGFMYLRNQWWMWMAEILHGDDGHRE
0,0.024223946,2.4102826,9.339544,1.7356778,2.3849869,3.1131816,1.8683201,2.2881064,2.7588933,1.8006393,2.0588343,2.3483977,1.4122247,1.5431325,1.6899446,5.618268,-0.8742096900939942,SFNGVWIIKHVSRMYSGFGRTPDLTRVQPSEEFYNNNNSAHNGYFYIQVFRQHTFNTWLYLSQNQWSHNGPFKQTVDSFLSMHDIPTWYMEPPAVPIGFVLIHPATGSLTTQNVQSLLLSLRRAFYGTPGTFGDLVLKTEFPHGSDDSSLTDKWGLTGFPPDKMIPNKADPAETGFMYLRNQWWMWMAEILHGDDGHRE
0,0.02351573,2.3398151,9.303169,1.7281452,2.3752894,3.1010566,1.8618381,2.2810438,2.7511797,1.7943001,2.0498886,2.3365293,1.4060829,1.53629,1.6823163,5.6091175,-0.898111629486084,SFNGVWIIKHVSRMYSGFGRTPDLTRVQPSEEFYNNNNSAHNGYFYIQVFRQHTFNTWLYLSQNQWSHNGPFKQTVDSFLSMHDIPTWYMEPPAVKIGFVLIHPATGSLTTQNVQSLLLSLRRAFYGTPGTFGDLVLKTEFPHGSDDSSLTDKWGLTGFPPDKMIPNKADPAETGFMYLRNQWWMWMAEILHGDDGHRE
0,0.02903881,2.8893616,9.333864,1.7369319,2.3847573,3.111288,1.8664869,2.2900023,2.7649713,1.7958951,2.0546072,2.3447506,1.4069426,1.5386157,1.686286,5.5978146,-0.8983967781066895,SFNGVWIIKHVSRMYSGFGRTPDLTRVQPSEEFYNNNNSAHNGYFYIQVFRQHTFNTWLYLSQNQWSHNGPFKQTVDSFLKMHDIPTWYMEPPAVKIGFVLIHPATGSLTTQNVQSLLLSLRRAFYGTPGTFGDLVLKTEFPHGSDDSSLTDKWGLTGFPPDKMIPNKADPAETGFMYLRNQWWMWMAEILHGDDGHRE
0,0.038167708,3.797687,9.328295,1.7284898,2.3794193,3.1094315,1.8612354,2.2796667,2.7489343,1.7947636,2.0514956,2.3394184,1.406411,1.5361135,1.6815736,5.607409,-0.8987738609313966,SFNGVWIIKHVSRMYSGFGRTPDLTRVQPSEEFYNNNNSAHNGYFYIQVFRQHTFNTWLYLSQNQWSHNGPQKQTVDSFLKMHDIPTWYMEPPAVKIGFVLIHPATGSLTTQNVQSLLLSLRRAFYGTPGTFGDLVLKTEFPHGSDDSSLTDKWGLTGFPPDKMIPNKADPAETGFMYLRNQWWMWMAEILHGDDGHRE
0,0.02483526,2.4711084,9.404562,1.7412256,2.3981352,3.1348538,1.8690377,2.2935865,2.7697144,1.8010477,2.0589197,2.3481212,1.4117216,1.543987,1.6923218,5.584512,-0.9250835418701172,SFNGVWIIKHVSRMYSGFGRTPDLTRVQPSEEFYNNNNSAHNGYFYIQVFRQHTFNTWLYLSQNQWSHNGPQKQTVDSFLKMHDIPTWYMEPPAVKIGFVLIHPATGSLTTQNVQSLLLSLRRAFYGTPGTFGDLVLKTEFPHGSDDSSLTDKWGLTGFPPDKMIPNKADPAETGFMYLRNQWRMWMAEILHGDDGHRE
0,0.030597763,3.0444775,9.426907,1.7617539,2.412498,3.1423023,1.8894761,2.3040085,2.7689035,1.8160183,2.0674763,2.3494842,1.4265019,1.5552466,1.6996328,5.561047,-0.9168681144714356,SFNGVWIIKHVSRMYSGFGRTPDLTRVQPSEEFYNNNNSAHNGYFYIQVFRQHTFNTWLYLSQNQWSHNGPQKQTVDSFLKMHDIPTWYMEPPAVKIGFVLIHIATGSLTTQNVQSLLLSLRRAFYGTPGTFGDLVLKTEFPHGSDDSSLTDKWGLTGFPPDKMIPNKADPAETGFMYLRNQWRMWMAEILHGDDGHRE
0,0.027357012,2.7220228,9.426907,1.7617539,2.412498,3.1423023,1.8894761,2.3040085,2.7689035,1.8160183,2.0674763,2.3494842,1.4265019,1.5552466,1.6996328,5.561047,-0.9168681144714356,SFNGVWIIKHVSRMYSGFGRTPDLTRVQPSEEFYNNNNSAHNGYFYIQVFRQHTFNTWLYLSQNQWSHNGPQKQTVDSFLKMHDIPTWYMEPPAVKIGFVLIHIATGSLTTQNVQSLLLSLRRAFYGTPGTFGDLVLKTEFPHGSDDSSLTDKWGLTGFPPDKMIPNKADPAETGFMYLRNQWRMWMAEILHGDDGHRE
0,0.027361974,2.7225165,9.4051895,1.7481827,2.4019117,3.1350632,1.8794913,2.286523,2.7430058,1.8078963,2.0570307,2.336433,1.4198619,1.5495313,1.6949546,5.583944,-0.885896110534668,SFNGVWIIKHVSRMYSGFGRTPDLTRVQPSEEFYNNNNSAHNGYFYIQVFRQHTFNTWLYLSQNQWSHNGPQKQTVDSFLKMHDIPTWYMEPPAVKIGFVLIHIATGSLTTQNVQSLLLSLRRAFYGTPGTFGDLVLKTEFPHGSDDSSLTDKWGLTGFPPDKMIPNKADPAETGFMYLRNQWWMWMAEILHGDDGHRE
0,0.037456542,3.7269258,9.4385195,1.7545161,2.4104965,3.1461732,1.8830457,2.29019,2.746799,1.8118117,2.0614,2.3413115,1.4237069,1.5539241,1.6999615,5.574462,-0.8996977806091309,SFNGVWIIKHVSRMYSGFGRTPDLTRVQPSEEFYNNNNSAHNGYFYIQVFRQHTFNTWLYLSQNQWSHNGPQKQTVDSFLKMHDIPTWYMEPPAVKIGFVLIHIATGSLTTQNVQSLLLSLRRAFYGTPGTFGDLVLKTEFPHGSDDSSLTDKWGLTGFPPDKMIPNKADPAETGFMYLRNQWWMWMAEILHGDDVHRE
0,0.029332686,2.9186022,9.390319,1.745067,2.397928,3.1301062,1.8764893,2.2835398,2.7400436,1.8066838,2.058415,2.3407295,1.4189836,1.5503489,1.697674,5.5528717,-0.8886175155639648,SFNGVWIIKHVSRMYSGFGRTPDLTRVQPSEEFYNNNNSAHNGYFYIQVFRQHTFNTWLYLSQNQWSHNGPQKQTVDSFLKMHDIPTWYMEPPAVKIGFVLIHIATGSLTTQNVQSLLLSLRRAFYGTPGTFGDLVLKTEFPNGSDDSSLTDKWGLTGFPPDKMIPNKADPAETGFMYLRNQWWMWMAEILHGDDVHRE
0,0.027328042,2.7191403,9.472393,1.7691184,2.4235382,3.1574645,1.894902,2.3006253,2.7556407,1.8221829,2.0722923,2.352788,1.434123,1.5648468,1.7114524,5.589575,-0.894020175933838,SFNGVWIIKHVSRMYSGFGRTPDLTRVQPSEEFYNNNNSAHNGYFYIQVFRQHTFNTWLYLSQNQWSHNGPQKQTVDSFLKMHDIPTWYMEPPAVKIGFVLIHIATGSLTTQNVQSLLLSLRRAFYGTPGTFGDLVLKTEFPNGSDDSSLHDKWGLTGFPPDKMIPNKADPAETGFMYLRNQWWMWMAEILHGDDVHRE
0,0.030022882,2.9872768,9.445117,1.7654264,2.4173007,3.1483724,1.892207,2.3033123,2.7643638,1.8170655,2.06808,2.3495905,1.4285612,1.5591505,1.7056055,5.621441,-0.8885020256042481,SFNGVWIIKHVSRMYSGFGRTPDLTRVQPSEEFYNNNNRAHNGYFYIQVFRQHTFNTWLYLSQNQWSHNGPQKQTVDSFLKMHDIPTWYMEPPAVKIGFVLIHIATGSLTTQNVQSLLLSLRRAFYGTPGTFGDLVLKTEFPNGSDDSSLHDKWGLTGFPPDKMIPNKADPAETGFMYLRNQWWMWMAEILHGDDVHRE
0,0.022592898,2.2479935,9.453583,1.766832,2.4193738,3.151194,1.8940147,2.303937,2.7636616,1.8193977,2.069935,2.3509107,1.4301411,1.5589526,1.7034138,5.5747147,-0.8760480880737305,SFKGVWIIKHVSRMYSGFGRTPDLTRVQPSEEFYNNNNRAHNGYFYIQVFRQHTFNTWLYLSQNQWSHNGPQKQTVDSFLKMHDIPTWYMEPPAVKIGFVLIHIATGSLTTQNVQSLLLSLRRAFYGTPGTFGDLVLKTEFPNGSDDSSLHDKWGLTGFPPDKMIPNKADPAETGFMYLRNQWWMWMAEILHGDDVHRE
0,0.025929721,2.5800073,9.412791,1.7483681,2.403204,3.137597,1.877674,2.2962334,2.7656443,1.8045032,2.06185,2.3504622,1.4155135,1.5480994,1.6967934,5.6105456,-0.8656261444091797,SFKGVWIIKHVSRMYSGFGRTPDLTRVQPSEEFYNNNNRAHNGYFYIQVFRQHTFNTWLYLSQNQWSHNGPQKQTVDSFLKMHDIPTWYMEPPAVKIGFVLIHIATGSLTTQNVQSLLLSHRRAFYGTPGTFGDLVLKTEFPNGSDDSSLHDKWGLTGFPPDKMIPNKADPAETGFMYLRNQWWMWMAEILHGDDVHRE
0,0.028366499,2.8224666,9.2981205,1.7291621,2.3750339,3.0993736,1.8611954,2.278656,2.7468345,1.7916098,2.047907,2.335343,1.4026695,1.5341346,1.6815716,5.6393046,-0.8478209495544434,SFKGVWIIKHVYRMYSGFGRTPDLTRVQPSEEFYNNNNRAHNGYFYIQVFRQHTFNTWLYLSQNQWSHNGPQKQTVDSFLKMHDIPTWYMEPPAVKIGFVLIHIATGSLTTQNVQSLLLSHRRAFYGTPGTFGDLVLKTEFPNGSDDSSLHDKWGLTGFPPDKMIPNKADPAETGFMYLRNQWWMWMAEILHGDDVHRE
0,0.032389402,3.2227457,9.294899,1.7259905,2.372851,3.0982995,1.8591026,2.282913,2.758213,1.7884054,2.0488105,2.340853,1.3993235,1.533299,1.6835513,5.6175814,-0.8669572830200196,SFKGVWIIKHVYRMYSGFGRTPDLTRVQPSEEFYNNNNRAHNGYFYIQVFRQHTFNTWLYLSQNQWSHNGPQKQTVDSFLKMHDIPTWYMEPPAVKIGFVLIHIATGSLTTQNVQSLLLSHRRAFYGTPGTFGDLVLKTEFPNGSDDSSLHDKWGLTGFPPDKMIPNKADPAETGFMYLRNQWWMWMAEILHGDDVHVE
0,0.0278885,2.7749057,9.294899,1.7259905,2.372851,3.0982995,1.8591026,2.282913,2.758213,1.7884054,2.0488105,2.340853,1.3993235,1.533299,1.6835513,5.6175814,-0.8669572830200196,SFKGVWIIKHVYRMYSGFGRTPDLTRVQPSEEFYNNNNRAHNGYFYIQVFRQHTFNTWLYLSQNQWSHNGPQKQTVDSFLKMHDIPTWYMEPPAVKIGFVLIHIATGSLTTQNVQSLLLSHRRAFYGTPGTFGDLVLKTEFPNGSDDSSLHDKWGLTGFPPDKMIPNKADPAETGFMYLRNQWWMWMAEILHGDDVHVE
0,0.038835842,3.8641665,9.419367,1.7471651,2.4036012,3.139789,1.8779907,2.2993574,2.7719164,1.8048134,2.0645394,2.35582,1.4162412,1.5513407,1.7028537,5.62154,-0.8050132751464845,SFKGVWIIKHVYRMYSGFGRTPDLTRVQPSEEFYNNNNRAHNLYFYIQVFRQHTFNTWLYLSQNQWSHNGPQKQTVDSFLKMHDIPTWYMEPPAVKIGFVLIHIATGSLTTQNVQSLLLSHRRAFYGTPGTFGDLVLKTEFPNGSDDSSLHDKWGLTGFPPDKMIPNKADPAETGFMYLRNQWWMWMAEILHGDDVHVE
0,0.031441074,3.128387,9.549556,1.7817929,2.4423623,3.1831853,1.9044607,2.3250117,2.7966561,1.8239046,2.0811632,2.3696768,1.4338336,1.5661361,1.7145123,5.5930076,-0.7572108745574951,SFKGVWIIKHVYRMYSGFGRTPDLTRVQPSEEFYNNNNRAHNLYFYIQVFRQHTFNTWLYLSQNQWSHNGPQKQTVDSFLKMHDIPTIYMEPPAVKIGFVLIHIATGSLTTQNVQSLLLSHRRAFYGTPGTFGDLVLKTEFPNGSDDSSLHDKWGLTGFPPDKMIPNKADPAETGFMYLRNQWWMWMAEILHGDDVHVE
0,0.030069953,2.9919603,9.531763,1.7773366,2.4372108,3.1772544,1.9005553,2.3210573,2.7926466,1.820812,2.078403,2.367289,1.4307836,1.5634794,1.7122967,5.594021,-0.7792302131652833,SFKGVWIIKHVYRMYSGFGRTPDLTRVQPSEEFYNNNNRAHNLYFYIQVFRQHTFNTWLYLSQNQWSHNGPQKQTVDSFLKMHDIPTIYMEPPAVKIGFVLIHIATGSLTTQNVQSLLLSHRRAFYGTPGTFGDLVLKTEFPNGSDDSSLHDKWGLTGFPPDRMIPNKADPAETGFMYLRNQWWMWMAEILHGDDVHVE
0,0.029486675,2.9339242,9.476606,1.7688458,2.424056,3.1588688,1.8942428,2.3124378,2.7814403,1.8159834,2.072824,2.3608685,1.4260877,1.5571456,1.7041258,5.5869837,-0.8091797828674316,SFKGVWIIKHVYRMYSGFGGTPDLTRVQPSEEFYNNNNRAHNLYFYIQVFRQHTFNTWLYLSQNQWSHNGPQKQTVDSFLKMHDIPTIYMEPPAVKIGFVLIHIATGSLTTQNVQSLLLSHRRAFYGTPGTFGDLVLKTEFPNGSDDSSLHDKWGLTGFPPDRMIPNKADPAETGFMYLRNQWWMWMAEILHGDDVHVE
0,0.030717425,3.0563838,9.534799,1.7949116,2.4469786,3.1782663,1.9164559,2.331855,2.797722,1.8347694,2.0901883,2.3766384,1.4449706,1.5736923,1.7180524,5.58069,-0.890880298614502,SFKGVWIIKHVYRMYSGFGGTPDLTRVQPSEEFYNNNNRAHNLYFYIQVFRQHTFNTWLYLSQNQWSHNGPQKQTVDSFLKMHDIPTIYMEPPAVKIGFVLIHIATGSLTTQNVQSLLLSHRRAFYGTPGTFGDLVLKTEFPNGSDDSSLHDKWGLTGFPPDRMIPNKADPAETGFMYLKNQWWMWMAEILHGDDVHVE
0,0.031383704,3.1226788,9.556984,1.798186,2.4521952,3.1856613,1.919592,2.3318038,2.794096,1.838178,2.0897942,2.3719792,1.4490423,1.5772681,1.7210721,5.602674,-0.8873671531677246,SFKGVWIIKHVYRMYSGFGGTPHLTRVQPSEEFYNNNNRAHNLYFYIQVFRQHTFNTWLYLSQNQWSHNGPQKQTVDSFLKMHDIPTIYMEPPAVKIGFVLIHIATGSLTTQNVQSLLLSHRRAFYGTPGTFGDLVLKTEFPNGSDDSSLHDKWGLTGFPPDRMIPNKADPAETGFMYLKNQWWMWMAEILHGDDVHVE
0,0.028590253,2.8447301,9.540269,1.793203,2.4469347,3.1800897,1.9147363,2.3202412,2.7750118,1.8342873,2.0771818,2.3495862,1.445067,1.5709679,1.7121645,5.574185,-0.8937340736389161,SFKGVWIIKHVYRMYSGFGGTPHLTRVQPSEEFYNNNNRAHNLYFYIKVFRQHTFNTWLYLSQNQWSHNGPQKQTVDSFLKMHDIPTIYMEPPAVKIGFVLIHIATGSLTTQNVQSLLLSHRRAFYGTPGTFGDLVLKTEFPNGSDDSSLHDKWGLTGFPPDRMIPNKADPAETGFMYLKNQWWMWMAEILHGDDVHVE
0,0.028578201,2.8435311,9.49672,1.7777544,2.4319258,3.1655734,1.9018033,2.3100653,2.7679281,1.8241816,2.0701632,2.3460298,1.4347506,1.5636663,1.7082444,5.6215534,-0.8943289756774903,SFKGVWIIKHVYRMYSGFGGTPHLTRVQPSEEFYNNNNRAHNLYFYIKVFRQHTFNTWLYLSQNQWSHNGPQKQNVDSFLKMHDIPTIYMEPPAVKIGFVLIHIATGSLTTQNVQSLLLSHRRAFYGTPGTFGDLVLKTEFPNGSDDSSLHDKWGLTGFPPDRMIPNKADPAETGFMYLKNQWWMWMAEILHGDDVHVE
0,0.031838767,3.1679575,9.472792,1.7665708,2.4222538,3.157597,1.8928807,2.3050656,2.7673275,1.8173578,2.067256,2.3475142,1.4282284,1.5611479,1.7102162,5.646569,-0.8925437927246094,SFKGVWIIKHVYRMYSGFGGTPHLTRVQPSEEFYNNNNRAHNLYFYIKVFRQHTFNTWLYLSQNQWSHNGPQKQNVDSFLKMHDIPTIYMEPPAVKIGFVLIHIATGSLTTQNVQSLLLSHRRAFYGTPGTFGDLVLKTEFPNGSDDSSLHDKWGLYGFPPDRMIPNKADPAETGFMYLKNQWWMWMAEILHGDDVHVE
0,0.025703298,2.5574782,9.424815,1.764461,2.4136004,3.1416051,1.8916923,2.3009582,2.7599463,1.816258,2.0639205,2.3416722,1.4277183,1.5602577,1.7088997,5.698552,-0.8748220443725586,SFKGVWIIKHVYRMYSGFGGTPHLTRVQPSEEFYNNNNRAHNLYFYIKVFRQHTFNTWLYLSQNQWSHNGPQKQNVDSFLKMHDIPTIYMEPMAVKIGFVLIHIATGSLTTQNVQSLLLSHRRAFYGTPGTFGDLVLKTEFPNGSDDSSLHDKWGLYGFPPDRMIPNKADPAETGFMYLKNQWWMWMAEILHGDDVHVE
0,0.02943341,2.9286244,9.4450035,1.7655579,2.4173522,3.1483345,1.8938358,2.300695,2.756984,1.8187045,2.065361,2.341984,1.4306911,1.561825,1.7088906,5.658476,-0.8823537826538086,SFKGVWIIKHVYRMYSGFGGTPHLTRVQPSEEFYNNNNRAHNLYFYIKVFRQHTFNTWLYLSQNQWSHNGPQKQNVDSELKMHDIPTIYMEPMAVKIGFVLIHIATGSLTTQNVQSLLLSHRRAFYGTPGTFGDLVLKTEFPNGSDDSSLHDKWGLYGFPPDRMIPNKADPAETGFMYLKNQWWMWMAEILHGDDVHVE
0,0.03148098,3.1323576,9.52552,1.8005034,2.4484768,3.1751735,1.922847,2.3212705,2.7680993,1.8413004,2.0819902,2.3519223,1.4526107,1.5773208,1.7171824,5.683469,-0.8895256996154786,SFKGVWIIKHVYRMYSGFGGTPHLTRVQPSEEFYNNNNRAHNLYFYIKVFRQHTFNTWLYLSQNQWSHNGPQKQNVDSELKMHDIPTIYMEPMAVKYGFVLIHIATGSLTTQNVQSLLLSHRRAFYGTPGTFGDLVLKTEFPNGSDDSSLHDKWGLYGFPPDRMIPNKADPAETGFMYLKNQWWMWMAEILHGDDVHVE
0,0.024383252,2.4261336,9.59339,1.8330156,2.4763274,3.1977968,1.947175,2.3491764,2.8000178,1.8592377,2.105662,2.3820252,1.470525,1.5940343,1.7325491,5.6760044,-0.8867955207824707,SFKGVWIIKHVYRMYSGFGGTPHLTRVQPSEEFYNNFNRAHNLYFYIKVFRQHTFNTWLYLSQNQWSHNGPQKQNVDSELKMHDIPTIYMEPMAVKYGFVLIHIATGSLTTQNVQSLLLSHRRAFYGTPGTFGDLVLKTEFPNGSDDSSLHDKWGLYGFPPDRMIPNKADPAETGFMYLKNQWWMWMAEILHGDDVHVE
0,0.027204314,2.7068293,9.59339,1.8330156,2.4763274,3.1977968,1.947175,2.3491764,2.8000178,1.8592377,2.105662,2.3820252,1.470525,1.5940343,1.7325491,5.6760044,-0.8867955207824707,SFKGVWIIKHVYRMYSGFGGTPHLTRVQPSEEFYNNFNRAHNLYFYIKVFRQHTFNTWLYLSQNQWSHNGPQKQNVDSELKMHDIPTIYMEPMAVKYGFVLIHIATGSLTTQNVQSLLLSHRRAFYGTPGTFGDLVLKTEFPNGSDDSSLHDKWGLYGFPPDRMIPNKADPAETGFMYLKNQWWMWMAEILHGDDVHVE
0,0.029259589,2.911329,9.558339,1.825388,2.466788,3.186113,1.941075,2.337519,2.7821279,1.8556857,2.0925717,2.3582377,1.4669751,1.5873704,1.7223927,5.7273645,-0.8884956359863282,SFKGVWIIKHVYRMYSGFGGTPHLTRVQPSEEFYNNFNRAHNLYFYIKVFRQHTFNTWLYLSQNQWSHNGPQKQNVDSELKMHDIPTIYMEPMAVKYGFVLIHIATGSLTTQNVQSLLLSHRRAFYGTPGTFGDLVLKTEFPNGSDDWSLHDKWGLYGFPPDRMIPNKADPAETGFMYLKNQWWMWMAEILHGDDVHVE
0,0.032755144,3.2591367,9.538505,1.8204689,2.4610713,3.1795015,1.9375403,2.3324533,2.7753448,1.8533639,2.089213,2.3537154,1.4647754,1.5853355,1.7205427,5.7277217,-0.8823180198669434,SFKGVWIIKHVYRMYSGFGGTPHLTRVQPSEEFYNNFNRAHNLYFYIKVFRQHTFNTWLYLSQNQWSHNGPQKQNVDSELKMHDIPTIYMEPMAVKYGFVLIHIATGSLTTQNVQSLLLSHRRAFYGTPGTFGDLVLKTEFPNGSDDWSLHDKWGLYGFPPDRMTPNKADPAETGFMYLKNQWWMWMAEILHGDDVHVE
0,0.030826213,3.0672083,9.482643,1.815053,2.4494312,3.160881,1.9345988,2.3251967,2.7632492,1.8517056,2.0839467,2.3444035,1.463527,1.5811923,1.7131529,5.767346,-0.8884779930114747,SFKGVWIWKHVYRMYSGFGGTPHLTRVQPSEEFYNNFNRAHNLYFYIKVFRQHTFNTWLYLSQNQWSHNGPQKQNVDSELKMHDIPTIYMEPMAVKYGFVLIHIATGSLTTQNVQSLLLSHRRAFYGTPGTFGDLVLKTEFPNGSDDWSLHDKWGLYGFPPDRMTPNKADPAETGFMYLKNQWWMWMAEILHGDDVHVE
0,0.033455696,3.3288417,9.494484,1.8179481,2.452822,3.1648278,1.9376295,2.3295445,2.7690737,1.8539226,2.0862913,2.3468914,1.4659604,1.5829587,1.7141713,5.781648,-0.8850052833557129,SFKGNWIWKHVYRMYSGFGGTPHLTRVQPSEEFYNNFNRAHNLYFYIKVFRQHTFNTWLYLSQNQWSHNGPQKQNVDSELKMHDIPTIYMEPMAVKYGFVLIHIATGSLTTQNVQSLLLSHRRAFYGTPGTFGDLVLKTEFPNGSDDWSLHDKWGLYGFPPDRMTPNKADPAETGFMYLKNQWWMWMAEILHGDDVHVE
0,0.03952698,3.9329348,9.468994,1.7961636,2.437301,3.1563313,1.9206227,2.3151119,2.7575283,1.84009,2.0755062,2.3395236,1.452171,1.5728663,1.7082254,5.793806,-0.8805261611938477,SFKGNWIWKHVYRMYSGFGGTPHLTRVQPSEEFYNNFNRAHNLYFYIKVFRQHTFNTWLYLSQNQWSHNGPQKQNVDSELKMHDIPTIYMEPMAVKYGFVLIHIATGSLTTQNVQSLLLSHRRAFYGTPGTFGDLVLKTEFPNGSDDWSLHDKWGLYGFPPDNMTPNKADPAETGFMYLKNQWWMWMAEILHGDDVHVE
0,0.02852355,2.8380933,9.464313,1.791825,2.4342718,3.1547709,1.915333,2.3148978,2.7630064,1.8351758,2.074268,2.3424082,1.4466391,1.5708426,1.7101358,5.7864904,-0.8813172340393067,SFKGNWIWKHVYRMYSGFGGTPHLTRVQPSEEFYNNFNRAHNLYFYIKVFRQHTFNTYLYLSQNQWSHNGPQKQNVDSELKMHDIPTIYMEPMAVKYGFVLIHIATGSLTTQNVQSLLLSHRRAFYGTPGTFGDLVLKTEFPNGSDDWSLHDKWGLYGFPPDNMTPNKADPAETGFMYLKNQWWMWMAEILHGDDVHVE
0,0.037210725,3.7024672,9.431315,1.7762359,2.4208465,3.143772,1.903194,2.3062806,2.7583394,1.8260078,2.0675912,2.3385248,1.4378738,1.564354,1.7062004,5.811742,-0.8820930480957032,SFKGNWIWKHVYRMYSGFGGTPHLTRVQPSEEFYNNFNRAHNLYFYIKVFRQHTFNTYLYLSQNQWSHNGPQKQNNDSELKMHDIPTIYMEPMAVKYGFVLIHIATGSLTTQNVQSLLLSHRRAFYGTPGTFGDLVLKTEFPNGSDDWSLHDKWGLYGFPPDNMTPNKADPAETGFMYLKNQWWMWMAEILHGDDVHVE
0,0.03206364,3.1903324,9.415663,1.7684379,2.4142647,3.138554,1.8960484,2.3018713,2.7569985,1.8195714,2.0647078,2.3396268,1.4311663,1.5604719,1.7054871,5.780933,-0.8798862457275392,SFKGNWIWKHVYRMYSGFGGTPHLTRVQPSEEFYNNFNRAHNLYFYIKVFRQHTFNTYLYLSQNQWSHNGPQKQNNDSELKMLDIPTIYMEPMAVKYGFVLIHIATGSLTTQNVQSLLLSHRRAFYGTPGTFGDLVLKTEFPNGSDDWSLHDKWGLYGFPPDNMTPNKADPAETGFMYLKNQWWMWMAEILHGDDVHVE
0,0.02950619,2.9358659,9.433889,1.7830752,2.4248664,3.14463,1.9105523,2.3089924,2.7558396,1.8322339,2.070474,2.337658,1.4445504,1.5667963,1.7038941,5.792045,-0.7915560245513916,SFKGNWIWKHVYRMYSGFGGTPHLTRVQPSEEFYNNFNRAHNLYFYIKVFRQHTFNTMLYLSQNQWSHNGPQKQNNDSELKMLDIPTIYMEPMAVKYGFVLIHIATGSLTTQNVQSLLLSHRRAFYGTPGTFGDLVLKTEFPNGSDDWSLHDKWGLYGFPPDNMTPNKADPAETGFMYLKNQWWMWMAEILHGDDVHVE
0,0.035322208,3.5145597,9.419947,1.7772526,2.4195976,3.1399822,1.9063371,2.3052645,2.7526581,1.8270929,2.0669577,2.3359642,1.4387332,1.562298,1.700875,5.740141,-0.7247162818908692,SFKGNWIWKHVYRMYSGFGGTPHLTRVQPSEEFYNNFNRAHNLYFYIKVFRQHTFNTMLYLSQNQWSHNGPQKQNNDSELKMLDIPTIYMEPMAVKYGFVLIHIATGSLTTQNVQSLLLSHRRAFYGTPGTFGDLVLKTEFPNGSDDWSLHDKWGLYGFPPDNMTPNKADPAETGLMYLKNQWWMWMAEILHGDDVHVE
0,0.027519291,2.7381694,9.898153,1.77216,2.492042,3.2993844,1.898368,2.3230603,2.799349,1.8146921,2.1150723,2.4519463,1.4236795,1.5855043,1.7669896,5.7585335,-0.8846032142639161,SFKGNWIWKHVYRMYSGFGGTPHLTRVQPSEEFYNNFNRAHNLYFYIKVFRQHTFNTMLYLSQNQWSHNGPQKQNNDSELKMLDIPTIYMEPMAVKYGFVLIHIATGSLTTQNVQSLLLSHRRAFYGTPGTFGDLVLKTEFPNGSDDWSLHDKWGLYGFPPDNMTPNKADPAETGLMYLKNQWWMWWAEILHGDDVHVE
0,0.027655335,2.751706,9.829682,1.7519351,2.4705925,3.2765608,1.8828005,2.309392,2.7878108,1.8044673,2.105614,2.4433475,1.4151111,1.5806063,1.7662079,5.744734,-0.8716335296630859,SFKGNWIWKHVYRMYSGFGGTPHLTRVQPSEEFYNNFNRAHALYFYIKVFRQHTFNTMLYLSQNQWSHNGPQKQNNDSELKMLDIPTIYMEPMAVKYGFVLIHIATGSLTTQNVQSLLLSHRRAFYGTPGTFGDLVLKTEFPNGSDDWSLHDKWGLYGFPPDNMTPNKADPAETGLMYLKNQWWMWWAEILHGDDVHVE
0,0.02530086,2.5174356,9.946968,1.776952,2.5022454,3.315656,1.9023728,2.333015,2.8159769,1.8190494,2.1223433,2.4624853,1.4288623,1.5977201,1.7870927,5.7386446,-0.872836971282959,SFKGNWKWKHVYRMYSGFGGTPHLTRVQPSEEFYNNFNRAHALYFYIKVFRQHTFNTMLYLSQNQWSHNGPQKQNNDSELKMLDIPTIYMEPMAVKYGFVLIHIATGSLTTQNVQSLLLSHRRAFYGTPGTFGDLVLKTEFPNGSDDWSLHDKWGLYGFPPDNMTPNKADPAETGLMYLKNQWWMWWAEILHGDDVHVE
0,0.025828762,2.5699618,9.91295,1.77121,2.493865,3.3043165,1.8975037,2.326299,2.8071895,1.8154273,2.1167016,2.4545786,1.425355,1.5923824,1.7797025,5.7336044,-0.8711532592773438,SFKGNWKWKHVYRMYSGFGGTPHLTRVQPSEEFYNNFNRAHALYFYIKVFRQHTFNTMLYLSQNQWSHNGPQKQNNDSELKMLDIPTIYMEPMAVKYGFVLIHIATGSLTTQNVQSLLLSHRRAFYGTPGTFGELVLKTEFPNGSDDWSLHDKWGLYGFPPDNMTPNKADPAETGLMYLKNQWWMWWAEILHGDDVHVE
0,0.028128825,2.798818,9.899164,1.7703866,2.4912636,3.2997215,1.897054,2.3251193,2.805191,1.8147259,2.11558,2.4529855,1.4246433,1.5908217,1.7771895,5.7437396,-0.8696355819702148,SFKGNWKWKHVYRMYSGFGGTPHLTRVQPSEEFYNNFNRAHALYFYIKVFRQHTFNTMLYLSQNQWSHNGPQKQNNDSELKMLDIPTIYMEPMAVKYGFVLIHIATGSLSTQNVQSLLLSHRRAFYGTPGTFGELVLKTEFPNGSDDWSLHDKWGLYGFPPDNMTPNKADPAETGLMYLKNQWWMWWAEILHGDDVHVE
0,0.034778316,3.4604425,9.899164,1.7703866,2.4912636,3.2997215,1.897054,2.3251193,2.805191,1.8147259,2.11558,2.4529855,1.4246433,1.5908217,1.7771895,5.7437396,-0.8696355819702148,SFKGNWKWKHVYRMYSGFGGTPHLTRVQPSEEFYNNFNRAHALYFYIKVFRQHTFNTMLYLSQNQWSHNGPQKQNNDSELKMLDIPTIYMEPMAVKYGFVLIHIATGSLSTQNVQSLLLSHRRAFYGTPGTFGELVLKTEFPNGSDDWSLHDKWGLYGFPPDNMTPNKADPAETGLMYLKNQWWMWWAEILHGDDVHVE
0,0.037093382,3.6907916,9.915989,1.770192,2.4938042,3.3053296,1.8959839,2.3262267,2.8087404,1.814811,2.116252,2.4543157,1.4248353,1.5925484,1.7806371,5.7969093,-0.8750892639160157,SFKGNWKWKHVYRMYSGFGGTPHLTRVQPSEEFYNNFNRAHALYFYIKVFRQHTFNTMLYLSQNQWSHNGPQKQNNDSELKMLDIPTIYMEPMAVKYGFVLIHIATGSLSTQNVQSLLLSHRRAFYGTPGTFGELVLKTEFPNGSDDWSLHDKWGLYGFPPDNMTPNHADPAETGLMYLKNQWWMWWAEILHGDDVHVE
0,0.02823066,2.8089507,9.915989,1.770192,2.4938042,3.3053296,1.8959839,2.3262267,2.8087404,1.814811,2.116252,2.4543157,1.4248353,1.5925484,1.7806371,5.7969093,-0.8750892639160157,SFKGNWKWKHVYRMYSGFGGTPHLTRVQPSEEFYNNFNRAHALYFYIKVFRQHTFNTMLYLSQNQWSHNGPQKQNNDSELKMLDIPTIYMEPMAVKYGFVLIHIATGSLSTQNVQSLLLSHRRAFYGTPGTFGELVLKTEFPNGSDDWSLHDKWGLYGFPPDNMTPNHADPAETGLMYLKNQWWMWWAEILHGDDVHVE
0,0.028321445,2.8179839,9.914526,1.7703583,2.4936624,3.304842,1.8961445,2.3254092,2.8068259,1.8141222,2.116107,2.4547808,1.4240074,1.5914369,1.7792076,5.7745504,-0.8760712623596192,SFKGNWKWKHVYRMYSGFGGTPHLTRVQPSEEFYNNFNRAHALYFYIKVFRQHTFNTMLYLSQNQWSHNGPQKQNNDSELKMLDIPTIYMEPMAVKYGFVLIHIATGSLSTQNVQSLLVSHRRAFYGTPGTFGELVLKTEFPNGSDDWSLHDKWGLYGFPPDNMTPNHADPAETGLMYLKNQWWMWWAEILHGDDVHVE
0,0.02827072,2.8129365,9.930351,1.7763706,2.4993274,3.3101172,1.9011949,2.331522,2.8141303,1.8173511,2.120694,2.4608905,1.427052,1.5960526,1.7855853,5.7612123,-0.8769553184509278,SFKGNWKWKHVYRMYSGFGGTPHLTRVQPSEEFYNNFNRAHALYFYIKVFRQHTFNTMLYLSQNQWSHNGPQKQNNDSELKMLDIPTIYMEPMAVKYGFVLIHIATGSLSTQNVQSLLVSHRRAFYGTPGTFGELVLKTEFPNGSDDWSLHDKWGLYGFPPDNMAPNHADPAETGLMYLKNQWWMWWAEILHGDDVHVE
0,0.029506149,2.9358618,9.930351,1.7763706,2.4993274,3.3101172,1.9011949,2.331522,2.8141303,1.8173511,2.120694,2.4608905,1.427052,1.5960526,1.7855853,5.7612123,-0.8769553184509278,SFKGNWKWKHVYRMYSGFGGTPHLTRVQPSEEFYNNFNRAHALYFYIKVFRQHTFNTMLYLSQNQWSHNGPQKQNNDSELKMLDIPTIYMEPMAVKYGFVLIHIATGSLSTQNVQSLLVSHRRAFYGTPGTFGELVLKTEFPNGSDDWSLHDKWGLYGFPPDNMAPNHADPAETGLMYLKNQWWMWWAEILHGDDVHVE
0,0.02362719,2.3509054,9.861936,1.7417154,2.4702575,3.2873118,1.8727947,2.30411,2.7878268,1.798054,2.1058688,2.451081,1.40898,1.5821646,1.7763897,5.7869186,-0.8937928199768067,SFKGNWPWKHVYRMYSGFGGTPHLTRVQPSEEFYNNFNRAHALYFYIKVFRQHTFNTMLYLSQNQWSHNGPQKQNNDSELKMLDIPTIYMEPMAVKYGFVLIHIATGSLSTQNVQSLLVSHRRAFYGTPGTFGELVLKTEFPNGSDDWSLHDKWGLYGFPPDNMAPNHADPAETGLMYLKNQWWMWWAEILHGDDVHVE
0,0.028757839,2.861405,9.877462,1.74735,2.475676,3.2924876,1.8775321,2.3072476,2.7891705,1.8023436,2.1091561,2.4532437,1.4130255,1.5849963,1.7778603,5.7677455,-0.8968602180480958,SFKGNWPWKHVYRMYSGFGGTPHLTRVQPSEEFYNNFNRAHALYFYIKVFRQHTFNTMLYLSQNQWSHNGPQKQNNDSEAKMLDIPTIYMEPMAVKYGFVLIHIATGSLSTQNVQSLLVSHRRAFYGTPGTFGELVLKTEFPNGSDDWSLHDKWGLYGFPPDNMAPNHADPAETGLMYLKNQWWMWWAEILHGDDVHVE
0,0.028943298,2.8798583,9.88254,1.7464135,2.4759786,3.29418,1.8763293,2.306731,2.789423,1.8015107,2.1083941,2.4525614,1.4122186,1.5843711,1.7774386,5.7790084,-0.890656852722168,SFKGNWPWKHVYRMYSGFGGTPHLTRVQPSEEFYNNFNRAHALYFYIKVFRQHTFNTMLYLSQNQWSHNGPQKQNNDSEAKMLDIPTIYMEPMAVKYGFVLIHIATGSLSTQNVQSLLVSHRRAFYGTPGTFGELVLKTEFPNGSDDWSLHDKWGLYGFPPDNMAPNHADPAETGLMYLKNQWWMWWAEILHGDDVHVD
0,0.028008044,2.7868004,9.868209,1.7461659,2.473596,3.289403,1.8764999,2.3064227,2.7885776,1.8018409,2.107565,2.4504316,1.412588,1.5843275,1.7769319,5.795489,-0.8880528450012207,SFKGNWPWKHVYRMYSGFGGTPHLTRVQPSEEFYNNFNRAHALYFYIKVFRQHTFNTMLYLSQNQWHHNGPQKQNNDSEAKMLDIPTIYMEPMAVKYGFVLIHIATGSLSTQNVQSLLVSHRRAFYGTPGTFGELVLKTEFPNGSDDWSLHDKWGLYGFPPDNMAPNHADPAETGLMYLKNQWWMWWAEILHGDDVHVD
0,0.027941288,2.7801583,9.890939,1.7485275,2.4784157,3.2969797,1.8785394,2.3094683,2.792751,1.804179,2.110524,2.4540875,1.4149061,1.5869962,1.7799939,5.811792,-0.8878386497497559,SFKGNWPWKHVYRMYSGFGGTPHLTRVQPSEEFYNNFNRAHALYFYIKVFRQHTFNTMLYLSQNQWHHNGPQKQNNDSEAKMLDIPTIYMEPMAVKYGFVLIHIATGSLSTQNKQSLLVSHRRAFYGTPGTFGELVLKTEFPNGSDDWSLHDKWGLYGFPPDNMAPNHADPAETGLMYLKNQWWMWWAEILHGDDVHVD
0,0.030070625,2.9920273,9.886057,1.7422993,2.4743562,3.2953522,1.8742756,2.307159,2.792634,1.8008971,2.1103034,2.4572997,1.4114957,1.5851941,1.7799954,5.800805,-0.8834547996520996,SFKGNWPWKHVYRMYSGFGGTPHLTRVQPSEEFYNNFNRAHALYFYIKVFRQHTFNTMLYLSQNQWHHNGPQKQNNDSEAKMLDIPTIYMEPMAVKYGFVLIHIATGSLSTQNKQSLLVSHRRAFYGTPGTFGELPLKTEFPNGSDDWSLHDKWGLYGFPPDNMAPNHADPAETGLMYLKNQWWMWWAEILHGDDVHVD
0,0.0393358,3.9139118,9.835627,1.7401596,2.4653015,3.2785423,1.8732375,2.3015995,2.782004,1.7994487,2.1048336,2.4473202,1.410092,1.5804129,1.7714263,5.7899055,-0.8887815475463867,SFKGNWPWKHVYRMYSGFGGTPHLTRVQPSEEFYNNFNRAHALYFYIKVFRQHTFNTMLYLSQNQWHHNGPQKQNNDSEAKMLDIPTIYMEGMAVKYGFVLIHIATGSLSTQNKQSLLVSHRRAFYGTPGTFGELPLKTEFPNGSDDWSLHDKWGLYGFPPDNMAPNHADPAETGLMYLKNQWWMWWAEILHGDDVHVD
0,0.038567275,3.837444,9.832594,1.7408702,2.4652007,3.2775314,1.8743433,2.302099,2.7818236,1.8002808,2.1055336,2.4478724,1.4107705,1.5805924,1.7710462,5.727763,-0.8926238059997559,SFKGNWPWKHVYRMYSGFGGTPHLTRVQPSEEFYNNFNRAHALYFYIKVFRQHTFNTMLYLSQNQWHHNGPQKQNNDSEAKMLDIPTIYMEGMAVKYGFVLIHIATGSLSTQNKQSLLVSHRRAFYGTPGTFGELPLKTEFPNGSDDWSLHDKWGLYGFPPDNMAPNAADPAETGLMYLKNQWWMWWAEILHGDDVHVD
0,0.03357162,3.3403761,9.821259,1.7439467,2.465046,3.2737527,1.8765609,2.3040404,2.7834551,1.8019569,2.1065972,2.4482489,1.4124717,1.5821221,1.7723838,5.7637897,-0.8953262329101563,SFKGNWPWKHVYRMYSGFGGTPHLTRVQPSEEFYNNFNRAHALYFYIKVFRQHTFNTMLYLSQNQWHHNGPQKQNNDSEAKMLDIPTIYMEGMAVKYGFVLYHIATGSLSTQNKQSLLVSHRRAFYGTPGTFGELPLKTEFPNGSDDWSLHDKWGLYGFPPDNMAPNAADPAETGLMYLKNQWWMWWAEILHGDDVHVD
0,0.035385434,3.5208507,9.798006,1.7457463,2.4623437,3.266002,1.8787688,2.3050961,2.783219,1.8040236,2.1062303,2.4451523,1.4146273,1.5814681,1.7685785,5.7291517,-0.8921281814575196,SFKGNWPWKHVYRMYSGFGGTPHLTRVQPSEEFYNNFNRAHALYFYIKVFRQHTFNTMLYLSQNQWHHNGPIKQNNDSEAKMLDIPTIYMEGMAVKYGFVLYHIATGSLSTQNKQSLLVSHRRAFYGTPGTFGELPLKTEFPNGSDDWSLHDKWGLYGFPPDNMAPNAADPAETGLMYLKNQWWMWWAEILHGDDVHVD
0,0.0338537,3.368443,9.725839,1.7539973,2.4553664,3.2419462,1.8868264,2.3068042,2.7778058,1.8093545,2.1079469,2.4428155,1.4193088,1.5788796,1.7578368,5.690908,-0.8934657096862794,SFKGNWPWKHVYRMYSGFGGTPHLTRVQPSEEFYNNFNRAHALYFYIKVFRQHTFNTMLYLSQNQWHHNGPIKQNNDSEAKMLDIPTIYMEGMAVKYGFVLYHIATGSLSTQNKQSLLVSGRRAFYGTPGTFGELPLKTEFPNGSDDWSLHDKWGLYGFPPDNMAPNAADPAETGLMYLKNQWWMWWAEILHGDDVHVD
0,0.0365815,3.6398594,9.152387,1.7444726,2.3602295,3.0507956,1.8828005,2.273364,2.711378,1.8031671,2.0478597,2.322281,1.4142767,1.5359256,1.6723537,5.663548,-0.8972128868103028,SFKGNWPWKHVYRMYSGFGGTPHLTRVQPSEEFYNNFNRAHALYFYIKVFRQHTFNTMLYLSQNQWHHNGPIKQNNDSEAKMLDIPTIYMEGMAVKIGFVLYHIATGSLSTQNKQSLLVSGRRAFYGTPGTFGELPLKTEFPNGSDDWSLHDKWGLYGFPPDNMAPNAADPAETGLMYLKNQWWMWWAEILHGDDVHVD
0,0.0276761,2.753772,9.154921,1.756762,2.367124,3.0516403,1.8930583,2.2822585,2.7187436,1.8099239,2.053037,2.325686,1.4207981,1.5409591,1.6757189,5.6037884,-0.899975872039795,SFKGNWPWKHVYRMYSGFGGTPHLTRVQPSEEFYNNFNRAHALYFYIKVFRQHTFNTMLYLSQNQWHHNGPIKENNDSEAKMLDIPTIYMEGMAVKIGFVLYHIATGSLSTQNKQSLLVSGRRAFYGTPGTFGELPLKTEFPNGSDDWSLHDKWGLYGFPPDNMAPNAADPAETGLMYLKNQWWMWWAEILHGDDVHVD
0,0.02780362,2.7664602,9.333715,1.8370003,2.4376333,3.1112385,1.9544516,2.3360066,2.7639177,1.8549498,2.0889227,2.3513217,1.4651693,1.5783324,1.7052438,5.6204467,-0.8927164077758789,SFKGNWPWKHVYRMYSGFGGTPHLTRVQPSEEFYNNFNRAHALYFYIKVFRQHTFNTMLYLSQNQWHHNGPIKENNDSEAKMLDIPTIYMEGMAVKIGFVLYHIATGSLSTQNKQSLLVSGRRAFYGTPGTFGELPLKTEFPNGSDDWSLHDKWGLYGFPPDNMAPNAADPAETGLMYLKNQWWMWWAEILHGDDVHTD
0,0.038815167,3.8621092,9.152058,1.751589,2.3639395,3.050686,1.8887429,2.281626,2.722241,1.8065177,2.0493433,2.3216698,1.4174942,1.5388095,1.6748636,5.5951447,-0.8958617210388184,SFKGNWPWKHVYRMYSGFGGTPHLTRVQPSEEFYRNFNRAHALYFYIKVFRQHTFNTMLYLSQNQWHHNGPIKENNDSEAKMLDIPTIYMEGMAVKIGFVLYHIATGSLSTQNKQSLLVSGRRAFYGTPGTFGELPLKTEFPNGSDDWSLHDKWGLYGFPPDNMAPNAADPAETGLMYLKNQWWMWWAEILHGDDVHTD
0,0.027880704,2.77413,9.239837,1.7779021,2.3916416,3.0799456,1.9089184,2.300575,2.739815,1.8211087,2.0633073,2.334931,1.4318879,1.5536842,1.6902778,5.5859885,-0.9198171615600587,SFKGNWPWKHVYRMYSGFGGTPHLTRVQPSEEFYRNFNRAHALYFYIKVFRQHTFNTMLYLSQNQWHHNGPIKENNDSEAKMLDIPTIYMEGMAVKIGFVLYHIATGSLSTQNKQSLLVSGRRAFYGTPGTFGELPLKTEFPNGSDDWSLHDKWGLYGFPPDNMAPNAADPAETGLMYLKNQWWKWWAEILHGDDVHTD
0,0.02473504,2.4611363,9.129974,1.7267604,2.3473446,3.043325,1.8691599,2.265614,2.7102337,1.7952734,2.0441346,2.3232307,1.4071524,1.5340927,1.6764553,5.609271,-0.9205945014953614,SFKGNWPWKHVYRMYSGFGGTPHLTRVQPSEEFYRNFNRAHALYFYIKVFRQHTFNTMLYLSQNQWHHNGPIKENNDSEAKMLDIPTIYMEGMAVKIGFVLYHIATGSLSTQNKQSLLVSGRRAFYGTPGTFGELPLKTEFPNGSDDWSLHDKWGLYGFPPDNMAPNAADPAETGLMYLKNQWWKWWADILHGDDVHTD
0,0.027733346,2.759468,9.6004,1.7383387,2.4273796,3.2001333,1.8768142,2.2967606,2.767727,1.8021779,2.0940332,2.4213464,1.4123919,1.5704703,1.7477541,5.6206427,-0.9183778762817383,SFKGNWPWKHVYRMYSGFGGTPHLTRVQPSEEFYRNFNRAHALYFYIKVFRQHTFNTMLYLSQNQWHHNGPIKENNDSEAKMLDIPTIYMEGMAVKIGFVLYHIATGSLSTQNKQSQLVSGRRAFYGTPGTFGELPLKTEFPNGSDDWSLHDKWGLYGFPPDNMAPNAADPAETGLMYLKNQWWKWWADILHGDDVHTD
0,0.027438285,2.7301095,9.624183,1.7419585,2.4330301,3.208061,1.8795736,2.2970614,2.7652707,1.8049529,2.0980542,2.4267647,1.4148213,1.5722651,1.7488372,5.6308656,-0.9164962768554688,SFKGNWPWKHVYRMYSGFGGTPHLTRVQPSEEFYRNFNRAHALYFYIKVFRQHTFNTMLYLSQNQWHHNGPIKENNDSEAKMLDIPTIYMEGMAVKIGFVLYHIATGSLSTQNKQSQLVSGRRAFYGTPGTFGELPLKTEFNNGSDDWSLHDKWGLYGFPPDNMAPNAADPAETGLMYLKNQWWKWWADILHGDDVHTD
0,0.03588677,3.5707335,9.624183,1.7419585,2.4330301,3.208061,1.8795736,2.2970614,2.7652707,1.8049529,2.0980542,2.4267647,1.4148213,1.5722651,1.7488372,5.6308656,-0.9164962768554688,SFKGNWPWKHVYRMYSGFGGTPHLTRVQPSEEFYRNFNRAHALYFYIKVFRQHTFNTMLYLSQNQWHHNGPIKENNDSEAKMLDIPTIYMEGMAVKIGFVLYHIATGSLSTQNKQSQLVSGRRAFYGTPGTFGELPLKTEFNNGSDDWSLHDKWGLYGFPPDNMAPNAADPAETGLMYLKNQWWKWWADILHGDDVHTD
0,0.026041292,2.5911086,9.674738,1.7434734,2.4417741,3.2249126,1.8806418,2.2986076,2.7673526,1.8057891,2.0985167,2.426808,1.41561,1.5733843,1.7503271,5.601308,-0.9149904251098633,SFKGNWPWKHVYRMYSGFGGTPHLTRVQPSEEFYRNFNRAHALYFYIKVFRQHTFNTMLYLSQNQWHHNGPIKENNDSEAKMLDIPTIYMEGMAVKIGFVLYHIATGSLSTQNKQSQLVSGRRAFYGTPGTFGELPLKTEFNNGSDDWSLHDKIGLYGFPPDNMAPNAADPAETGLMYLKNQWWKWWADILHGDDVHTD
0,0.028159807,2.8019009,9.658752,1.7491153,2.442245,3.219584,1.8868183,2.3003688,2.764162,1.8100603,2.1008847,2.427042,1.419863,1.5752027,1.7494148,5.64454,-0.9137323379516602,SFKGNWPWKHVYRMYSGFGGTPHLTRVQPSEEFYRNFNRAHALYFYIMVFRQHTFNTMLYLSQNQWHHNGPIKENNDSEAKMLDIPTIYMEGMAVKIGFVLYHIATGSLSTQNKQSQLVSGRRAFYGTPGTFGELPLKTEFNNGSDDWSLHDKIGLYGFPPDNMAPNAADPAETGLMYLKNQWWKWWADILHGDDVHTD
0,0.028465942,2.8323612,9.65625,1.7468538,2.4406562,3.21875,1.8840196,2.2970388,2.7602363,1.8082237,2.099572,2.4263167,1.417922,1.5731297,1.7471939,5.6408167,-0.9177392005920411,SFKGNWPWKHVYRMYSGFGGTPHLTRVQPSEEFYRNFNRAHALYFYIMVFRQHTFNTMLYLSQNQWHHNGPIKENNDSEAKMLAIPTIYMEGMAVKIGFVLYHIATGSLSTQNKQSQLVSGRRAFYGTPGTFGELPLKTEFNNGSDDWSLHDKIGLYGFPPDNMAPNAADPAETGLMYLKNQWWKWWADILHGDDVHTD
0,0.029316995,2.917041,9.718215,1.7473115,2.4506342,3.239405,1.883195,2.2987072,2.7647011,1.8088897,2.104217,2.4354243,1.4186366,1.578352,1.7574717,5.627812,-0.9205223083496095,SFKGNWPWKHVYTMYSGFGGTPHLTRVQPSEEFYRNFNRAHALYFYIMVFRQHTFNTMLYLSQNQWHHNGPIKENNDSEAKMLAIPTIYMEGMAVKIGFVLYHIATGSLSTQNKQSQLVSGRRAFYGTPGTFGELPLKTEFNNGSDDWSLHDKIGLYGFPPDNMAPNAADPAETGLMYLKNQWWKWWADILHGDDVHTD
0,0.028637588,2.84944,9.753978,1.7449414,2.4550004,3.2513258,1.8810433,2.301271,2.7725525,1.8082345,2.1073203,2.4427426,1.4183229,1.5837309,1.7692349,5.674721,-0.9164278030395508,SFKGNWPWKHVYTMYSGFGGTPHLTRVQPSEEFYRNFNRAHALYFYIMVFRQHTFNTMLYLSQNQWHHNMPIKENNDSEAKMLAIPTIYMEGMAVKIGFVLYHIATGSLSTQNKQSQLVSGRRAFYGTPGTFGELPLKTEFNNGSDDWSLHDKIGLYGFPPDNMAPNAADPAETGLMYLKNQWWKWWADILHGDDVHTD
0,0.026892878,2.6758413,9.477278,1.737556,2.4076207,3.1590927,1.8767227,2.2901628,2.7538326,1.8039623,2.0785248,2.3864443,1.4136405,1.5564337,1.7165751,5.66898,-0.9179865837097169,SFKGNWPWKHVYTMYSGFGGTPHLTRVQPSEEFYRNFNPAHALYFYIMVFRQHTFNTMLYLSQNQWHHNMPIKENNDSEAKMLAIPTIYMEGMAVKIGFVLYHIATGSLSTQNKQSQLVSGRRAFYGTPGTFGELPLKTEFNNGSDDWSLHDKIGLYGFPPDNMAPNAADPAETGLMYLKNQWWKWWADILHGDDVHTD
0,0.035518892,3.5341299,9.530104,1.7337626,2.4139154,3.1767013,1.8744575,2.294434,2.765434,1.8008573,2.087845,2.4096997,1.4106652,1.562526,1.7328367,5.6613364,-0.9156626701354981,SFKGNWPWKHVYTMYSLFGGTPHLTRVQPSEEFYRNFNPAHALYFYIMVFRQHTFNTMLYLSQNQWHHNMPIKENNDSEAKMLAIPTIYMEGMAVKIGFVLYHIATGSLSTQNKQSQLVSGRRAFYGTPGTFGELPLKTEFNNGSDDWSLHDKIGLYGFPPDNMAPNAADPAETGLMYLKNQWWKWWADILHGDDVHTD
0,0.032893997,3.2729528,9.553468,1.7330915,2.4172318,3.1844893,1.8723718,2.2963479,2.7718337,1.7990001,2.0885074,2.4131875,1.4086704,1.563375,1.7368749,5.649146,-0.9133225440979005,SFKGNWPWKHVYTMYSLFGGTPHLTRVQPSEEFYRNFNPAHALYFYIMVFRQHTFNTQLYLSQNQWHHNMPIKENNDSEAKMLAIPTIYMEGMAVKIGFVLYHIATGSLSTQNKQSQLVSGRRAFYGTPGTFGELPLKTEFNNGSDDWSLHDKIGLYGFPPDNMAPNAADPAETGLMYLKNQWWKWWADILHGDDVHTD
0,0.032860544,3.2696242,9.502892,1.7289869,2.4071152,3.1676307,1.8703812,2.292594,2.7661023,1.7961192,2.0830877,2.4049206,1.405888,1.5569289,1.72632,5.6771693,-0.3919490098953247,SFKGNWPWKHVYTMYSLFGGTPHLTRVQPSEEFYRNFNPAHALYFYIMFFRQHTFNTQLYLSQNQWHHNMPIKENNDSEAKMLAIPTIYMEGMAVKIGFVLYHIATGSLSTQNKQSQLVSGRRAFYGTPGTFGELPLKTEFNNGSDDWSLHDKIGLYGFPPDNMAPNAADPAETGLMYLKNQWWKWWADILHGDDVHTD
0,0.025551649,2.5423892,9.498884,1.7280772,2.4060047,3.1662948,1.8676604,2.2886832,2.7608569,1.7948031,2.075472,2.39024,1.4047664,1.5528965,1.7190232,5.685912,-0.38453078269958496,SFKGNWPWKHVYTMYSLFGGTPHLTRVQPSEEFYRNFNPAHALYFYIMFFRQHTFNTQLYLSQNQWHHNMPIKENNDSEAKMLAIPTIYMEGMAVKIGFVLYHIATGSLSTQNKQSFLVSGRRAFYGTPGTFGELPLKTEFNNGSDDWSLHDKIGLYGFPPDNMAPNAADPAETGLMYLKNQWWKWWADILHGDDVHTD
0,0.03674274,3.6559026,9.450526,1.7275455,2.3981254,3.1501753,1.8679804,2.2893414,2.761895,1.795983,2.0729396,2.3835442,1.4061817,1.5522462,1.7160563,5.6828856,-0.37930023670196533,SFKGNWPWKHVYTMYSLFGGTPHLTRVQPSEEFYRNFNPAHALYFYIMFFRQHTFNTQLYLSQNQWHHNMPIKENNDSEAKMLAIPTIYMEGMAVKIGFVLYHIATGSLSTQNKQSFLVSGRRAFYGTPGTFGELPGKTEFNNGSDDWSLHDKIGLYGFPPDNMAPNAADPAETGLMYLKNQWWKWWADILHGDDVHTD
0,0.037404533,3.721751,9.344041,1.7317423,2.3836126,3.1146803,1.8720659,2.2928052,2.764661,1.8039931,2.0792506,2.3879497,1.4141047,1.5583034,1.7200209,5.7089586,-0.8692439079284668,SFKGNWPWKHVYTMYSLFGGTPHLTRVQPSEEFYRNFNPAHALYFYWMFFRQHTFNTQLYLSQNQWHHNMPIKENNDSEAKMLAIPTIYMEGMAVKIGFVLYHIATGSLSTQNKQSFLVSGRRAFYGTPGTFGELPGKTEFNNGSDDWSLHDKIGLYGFPPDNMAPNAADPAETGLMYLKNQWWKWWADILHGDDVHTD
0,0.02634304,2.6211326,9.453037,1.714152,2.3914397,3.1510124,1.8558624,2.3042774,2.8071713,1.7895168,2.1073704,2.4638402,1.397413,1.5643675,1.7516056,5.680476,-0.5629577159881592,SFKGNWPWKHVYTMYSLFGGTPDLTRVQPSEEFYRNFNPAHALYFYWMFFRQHTFNTQLYLSQNQWHHNMPIKENNDSEAKMLAIPTIYMEGMAVKIGFVLYHIATGSLSTQNKQSFLVSGRRAFYGTPGTFGELPGKTEFNNGSDDWSLHDKIGLYGFPPDNMAPNAADPAETGLMYLKNQWWKWWADILHGDDVHTD
0,0.030465504,3.0313177,9.446751,1.7295749,2.398605,3.148917,1.8677132,2.3099263,2.8058646,1.7956553,2.109786,2.4620812,1.4040715,1.5679748,1.7517912,5.6978455,-0.9081515312194824,SFKGNWPWKHVYTMYSLFGGTPDLTRVQPSEEFYRNFNPAHALYFYWMFFRQHTFNTQLYLSQNQWHHNMPIKENNDSEAKMLAIPTIYMEGMAVKIGFVLYHIATGSLSTQNKQSFLVSGRRAFYGTPQTFGELPGKTEFNNGSDDWSLHDKIGLYGFPPDNMAPNAADPAETGLMYLKNQWWKWWADILHGDDVHTD
0,0.03387905,3.3709655,9.248133,1.7038579,2.353803,3.082711,1.8485137,2.2719917,2.7469192,1.7866851,2.0687482,2.3850799,1.3973343,1.548061,1.7170997,5.693921,-0.8484070777893067,SFKGNWPWFHVYTMYSLFGGTPDLTRVQPSEEFYRNFNPAHALYFYWMFFRQHTFNTQLYLSQNQWHHNMPIKENNDSEAKMLAIPTIYMEGMAVKIGFVLYHIATGSLSTQNKQSFLVSGRRAFYGTPQTFGELPGKTEFNNGSDDWSLHDKIGLYGFPPDNMAPNAADPAETGLMYLKNQWWKWWADILHGDDVHTD
